Order_ID,Order_Date,Region,Category,Units,Unit_Price,Discount,Rating,Revenue
ORD1001,2025-01-03,EAST ,Electronics,2,477.37,0,4.0,954.74
ORD1002,2025-01-04,North,Clothing,2,34.98,0,5.0,69.96
ORD1003,2025-01-04,North,Furniture,8,339.46,10,5.0,2444.11
ORD1004,2025-01-07,south,Furniture,3,283.0,10,,764.1
ORD1005,2025-01-07,East,Clothing,8,34.97,10,4.0,251.78
ORD1006,2025-01-10,East,Clothing,7,34.53,5,4.0,229.62
ORD1007,2025-01-14,South,Clothing,9,34.75,5,4.0,297.11
ORD1008,2025-01-15,North,Stationery,12,7.3,10,4.0,78.84
ORD1009,2025-01-18,North,Clothing,6,42.93,5,3.0,244.7
ORD1010,2025-01-19,West,Clothing,3,38.29,0,5.0,114.87
ORD1011,2025-01-19,South,Electronics,9,386.38,10,5.0,3129.68
ORD1012,2025-01-20,West,Stationery,8,8.93,20,4.0,57.15
ORD1013,2025-01-25,North,Stationery,6,8.35,20,,40.08
ORD1014,2025-01-26,East,Electronics,11,474.46,5,3.0,4958.11
ORD1015,2025-01-27,North,Stationery,8,8.29,5,2.0,63.0
ORD1016,2025-01-28,South,Furniture,8,281.86,10,5.0,2029.39
ORD1017,2025-01-28,North,Electronics,1,423.45,0,4.0,423.45
ORD1018,2025-01-29,West,Electronics,10,492.23,0,4.0,4922.3
ORD1019,2025-01-29,South,Stationery,1,7.56,0,3.0,7.56
ORD1020,2025-01-29,West,Clothing,8,44.92,0,3.0,359.36
ORD1021,2025-01-30,South,Stationery,6,6.86,5,4.0,39.1
ORD1022,2025-01-30,North,Clothing,2,38.54,5,5.0,73.23
ORD1023,2025-02-03,North,Clothing,6,43.09,0,5.0,258.54
ORD1024,2025-02-04,South,Clothing,3,43.21,0,5.0,129.63
ORD1025,2025-02-07,north,Stationery,8,6.85,0,5.0,54.8
ORD1026,2025-02-09,West,Electronics,5,422.52,0,3.0,2112.6
ORD1027,2025-02-13,South,Stationery,3,7.8,10,,21.06
ORD1028,2025-02-13,South,Electronics,10,417.82,10,5.0,3760.38
ORD1029,2025-02-15,North,Stationery,9,7.56,10,5.0,61.24
ORD1030,2025-02-15,East,Furniture,10,278.3,0,4.0,2783.0
ORD1031,2025-02-18,South,Clothing,65,39.28,0,4.0,2553.2
ORD1032,2025-02-18,West,Furniture,10,309.28,5,4.0,2938.16
ORD1033,2025-02-18,West,Electronics,7,393.7,5,5.0,2618.1
ORD1034,2025-02-20,South,Stationery,4,7.01,0,5.0,28.04
ORD1035,2025-02-20,South,Electronics,11,407.33,20,5.0,3584.5
ORD1036,2025-02-20,North,Electronics,2,502.82,0,4.0,1005.64
ORD1037,2025-02-24,South,Clothing,13,35.48,15,4.0,392.05
ORD1038,2025-02-25,East,Furniture,10,283.66,5,5.0,2694.77
ORD1039,2025-02-27,South,Furniture,6,267.59,15,4.0,1364.71
ORD1040,2025-03-01,East,Electronics,9,495.48,0,4.0,4459.32
ORD1041,2025-03-01,EAST ,Clothing,3,35.02,0,4.0,105.06
ORD1042,2025-03-03,East,Electronics,8,413.42,0,5.0,3307.36
ORD1043,2025-03-03,South,Furniture,7,319.63,15,3.0,1901.8
ORD1044,2025-03-04,North,Stationery,9,7.15,5,3.0,61.13
ORD1045,2025-03-07,North,Clothing,9,43.28,5,5.0,370.04
ORD1046,2025-03-09,West,Clothing,6,43.49,20,4.0,208.75
ORD1047,2025-03-11,East,Clothing,3,43.24,5,,123.23
ORD1048,2025-03-14,South,Stationery,8,8.71,15,4.0,59.23
ORD1049,2025-03-15,South,Clothing,10,39.22,0,3.0,392.2
ORD1050,2025-03-15,West,Clothing,9,34.8,10,5.0,281.88
ORD1051,2025-03-20,West,Clothing,3,41.92,0,2.0,125.76
ORD1052,2025-03-22,North,Stationery,5,6.85,0,5.0,34.25
ORD1053,2025-03-23,West,Stationery,10,9.03,15,5.0,76.76
ORD1054,2025-03-25,North,Stationery,8,6.89,0,5.0,55.12
ORD1055,2025-03-25,North,Clothing,3,44.85,0,3.0,134.55
ORD1056,2025-03-26,East,Stationery,7,7.06,0,3.0,49.42
ORD1057,2025-03-29,North,Electronics,6,481.73,10,3.0,2601.34
ORD1058,2025-04-01,West,Furniture,5,331.02,5,4.0,1572.34
ORD1059,2025-04-01,West,Stationery,10,7.7,0,5.0,77.0
ORD1060,2025-04-03,East,Electronics,6,416.59,20,5.0,1999.63
ORD1061,2025-04-05,North,Furniture,5,297.33,10,4.0,1337.98
ORD1062,2025-04-05,South,Electronics,3,418.26,0,5.0,1254.78
ORD1063,2025-04-06,East,Electronics,12,463.36,10,4.0,5004.29
ORD1064,2025-04-06,North,Electronics,4,517.06,10,3.0,1861.42
ORD1065,2025-04-07,South,Stationery,9,9.1,0,4.0,81.9
ORD1066,2025-04-09,West,Clothing,8,39.23,10,5.0,282.46
ORD1067,2025-04-11,North,Stationery,4,8.38,15,5.0,28.49
ORD1068,2025-04-16,South,Furniture,7,307.48,5,4.0,2044.74
ORD1069,2025-04-17,West,Clothing,10,41.73,5,3.0,396.43
ORD1070,2025-04-19,North,Stationery,8,7.57,15,3.0,51.48
ORD1071,2025-04-19,West,Electronics,10,409.16,5,,3887.02
ORD1072,2025-04-22,West,Stationery,8,8.2,15,2.0,55.76
ORD1073,2025-04-24,West,Clothing,4,42.36,15,5.0,144.02
ORD1074,2025-04-24,South,Clothing,12,43.91,10,4.0,474.23
ORD1075,2025-04-26,South,Electronics,5,439.9,10,3.0,1979.55
ORD1076,2025-04-27,West,Clothing,5,42.51,0,4.0,212.55
ORD1077,2025-04-28,North,Stationery,12,7.7,10,1.0,83.16
ORD1078,2025-04-28,West,Stationery,4,8.98,0,5.0,35.92
ORD1079,2025-04-29,East,Electronics,5,500.85,5,4.0,2379.04
ORD1080,2025-05-01,East,Furniture,2,314.47,0,5.0,628.94
ORD1081,2025-05-01,North,Stationery,9,7.53,0,5.0,67.77
ORD1082,2025-05-02,North,Stationery,9,9.1,10,4.0,73.71
ORD1083,2025-05-03,South,Stationery,3,8.37,10,2.0,22.6
ORD1084,2025-05-05,West,Stationery,10,7.25,10,4.0,65.25
ORD1085,2025-05-06,South,Electronics,5,424.48,20,4.0,1697.92
ORD1086,2025-05-07,North,Electronics,10,485.82,5,4.0,4615.29
ORD1087,2025-05-08,South,Clothing,4,38.32,0,,153.28
ORD1088,2025-05-10,South,Electronics,6,420.11,20,5.0,2016.53
ORD1089,2025-05-11,West,Electronics,6,459.08,0,3.0,2754.48
ORD1090,2025-05-13,East,Stationery,10,8.31,10,3.0,74.79
ORD1091,2025-05-14,West,Electronics,4,493.1,0,4.0,1972.4
ORD1092,2025-05-16,West,Furniture,7,301.35,10,4.0,1898.51
ORD1093,2025-05-18,South,Stationery,9,7.4,5,4.0,63.27
ORD1094,2025-05-19,East,Stationery,1,8.11,0,5.0,8.11
ORD1095,2025-05-19,North,Stationery,2,7.51,0,5.0,15.02
ORD1096,2025-05-20,South,Furniture,9,304.19,5,4.0,2600.82
ORD1097,2025-05-21,South,Clothing,7,34.39,5,2.0,228.69
ORD1098,2025-05-21,South,Electronics,7,459.52,0,5.0,3216.64
ORD1099,2025-05-22,East,Clothing,10,40.84,0,5.0,408.4
ORD1100,2025-05-24,North,Clothing,5,39.94,10,5.0,179.73
ORD1101,2025-05-25,West,Clothing,7,34.5,10,4.0,217.35
ORD1102,2025-05-25,South,Stationery,3,8.18,0,4.0,24.54
ORD1103,2025-05-27,South,Clothing,7,36.48,0,5.0,255.36
ORD1104,2025-05-30,North,Stationery,6,7.57,5,5.0,43.15
ORD1105,2025-06-03,East,Clothing,3,37.21,0,5.0,111.63
ORD1106,2025-06-03,South,Clothing,9,34.61,20,3.0,249.19
ORD1107,2025-06-04,North,Electronics,11,475.2,5,4.0,4965.84
ORD1108,2025-06-05,East,Clothing,12,39.67,10,4.0,428.44
ORD1109,2025-06-07,West,Clothing,7,34.7,0,4.0,242.9
ORD1110,2025-06-09,North,Electronics,7,451.55,0,3.0,3160.85
ORD1111,2025-06-10,East,Electronics,11,433.9,10,4.0,4295.61
ORD1112,2025-06-11,West,Clothing,8,41.11,0,4.0,328.88
ORD1113,2025-06-11,South,Furniture,2,332.05,0,5.0,664.1
ORD1114,2025-06-12,North,Stationery,6,6.95,5,5.0,39.62
ORD1115,2025-06-17,West,Furniture,10,325.92,5,3.0,3096.24
ORD1116,2025-06-17,South,Furniture,10,334.56,10,4.0,3011.04
ORD1117,2025-06-19,East,Clothing,6,45.12,5,4.0,257.18
ORD1118,2025-06-20,South,Clothing,7,41.92,0,3.0,293.44
ORD1119,2025-06-20,North,Clothing,10,40.71,10,4.0,366.39
ORD1120,2025-06-22,North,Stationery,8,8.64,5,2.0,65.66
ORD1121,2025-06-25,North,Stationery,80,6.85,0,5.0,548.0
ORD1122,2025-06-25,West,Electronics,2,404.62,5,3.0,768.78
ORD1123,2025-06-28,South,Clothing,6,42.27,15,1.0,215.58
ORD1124,2025-06-29,South,Clothing,10,40.64,0,5.0,406.4
ORD1125,2025-06-30,North,Stationery,10,7.05,0,5.0,70.5
ORD1126,2025-06-30,North,Clothing,9,38.99,5,4.0,333.36
ORD1127,2025-07-05,North,Electronics,8,473.17,15,3.0,3217.56
ORD1128,2025-07-06,South,Furniture,3,330.7,5,2.0,942.49
ORD1129,2025-07-08,North,Electronics,3,485.6,0,5.0,1456.8
ORD1130,2025-07-09,East,Stationery,8,7.2,5,5.0,54.72
ORD1131,2025-07-15,South,Stationery,9,7.5,0,5.0,67.5
ORD1132,2025-07-17,South,Clothing,4,40.74,0,4.0,162.96
ORD1133,2025-07-17,West,Clothing,8,40.91,0,4.0,327.28
ORD1134,2025-07-18,North,Stationery,7,8.28,0,4.0,57.96
ORD1135,2025-07-19,South,Electronics,2,427.91,0,,855.82
ORD1136,2025-07-20,West,Stationery,10,8.9,10,4.0,80.1
ORD1137,2025-07-21,South,Furniture,10,263.05,0,4.0,2630.5
ORD1138,2025-07-22,South,Clothing,5,42.22,10,5.0,189.99
ORD1139,2025-07-25,South,Stationery,3,7.99,0,5.0,23.97
ORD1140,2025-07-26,East,Furniture,5,320.25,5,4.0,1521.19
ORD1141,2025-07-27,North,Stationery,2,7.74,5,4.0,14.71
ORD1142,2025-07-27,East,Clothing,7,37.97,0,5.0,265.79
ORD1143,2025-07-28,East,Electronics,7,404.16,5,4.0,2687.66
ORD1144,2025-07-30,East,Clothing,7,34.08,15,2.0,202.78
ORD1145,2025-07-30,West,Stationery,12,7.02,20,3.0,67.39
ORD1146,2025-07-31,West,Furniture,8,256.42,20,5.0,1641.09
ORD1147,2025-07-31,North,Clothing,5,40.55,0,4.0,202.75
ORD1148,2025-07-31,West,Furniture,10,282.69,0,3.0,2826.9
ORD1149,2025-08-02,West,Clothing,11,39.94,15,5.0,373.44
ORD1150,2025-08-03,South,Stationery,10,7.36,0,,73.6
ORD1151,2025-08-04,East,Clothing,3,45.22,10,5.0,122.09
ORD1152,2025-08-05,West,Stationery,9,8.78,15,4.0,67.17
ORD1153,2025-08-06,East,Furniture,5,263.74,0,5.0,1318.7
ORD1154,2025-08-11,South,Electronics,10,414.27,0,5.0,4142.7
ORD1155,2025-08-13,South,Stationery,10,7.88,5,4.0,74.86
ORD1156,2025-08-13,East,Clothing,11,37.98,20,5.0,334.22
ORD1157,2025-08-15,West,Stationery,7,8.02,20,5.0,44.91
ORD1158,2025-08-16,South,Clothing,6,42.36,0,4.0,254.16
ORD1159,2025-08-18,South,Furniture,4,342.71,0,5.0,1370.84
ORD1160,2025-08-20,South,Furniture,4,308.46,0,3.0,1233.84
ORD1161,2025-08-23,East,Electronics,6,389.43,20,,1869.26
ORD1162,2025-08-24,East,Electronics,5,433.43,10,4.0,1950.44
ORD1163,2025-08-24,South,Stationery,6,7.63,0,5.0,45.78
ORD1164,2025-08-25,West,Stationery,11,8.39,20,4.0,73.83
ORD1165,2025-08-29,East,Electronics,5,402.09,20,1.0,1608.36
ORD1166,2025-08-29,North,Electronics,7,388.13,15,3.0,2309.37
ORD1167,2025-08-30,South,Electronics,10,462.48,15,5.0,3931.08
ORD1168,2025-08-30,North,Furniture,6,288.03,0,4.0,1728.18
ORD1169,2025-08-31,West,Stationery,3,8.36,0,4.0,25.08
ORD1170,2025-08-31,East,Clothing,11,43.44,10,3.0,430.06
ORD1171,2025-09-01,West,Furniture,14,291.52,20,1.0,3265.02
ORD1172,2025-09-02,North,Clothing,12,44.47,10,4.0,480.28
ORD1173,2025-09-02,East,Furniture,9,340.56,10,4.0,2758.54
ORD1174,2025-09-02,South,Clothing,8,40.91,10,5.0,294.55
ORD1175,2025-09-04,West,Stationery,11,8.33,20,4.0,73.3
ORD1176,2025-09-04,West,Stationery,5,8.1,20,4.0,32.4
ORD1177,2025-09-05,East,Clothing,10,34.86,5,5.0,331.17
ORD1178,2025-09-08,North,Clothing,4,44.54,0,2.0,178.16
ORD1179,2025-09-08,South,Electronics,6,457.98,5,4.0,2610.49
ORD1180,2025-09-09,South,Stationery,1,7.41,0,2.0,7.41
ORD1181,2025-09-10,East,Stationery,6,8.05,5,4.0,45.89
ORD1182,2025-09-11,West,Stationery,8,9.04,0,4.0,72.32
ORD1183,2025-09-11,North,Clothing,7,40.14,20,3.0,224.78
ORD1184,2025-09-13,West,Stationery,6,8.17,20,3.0,39.22
ORD1185,2025-09-16,West,Stationery,7,8.62,15,2.0,51.29
ORD1186,2025-09-17,South,Clothing,5,35.26,20,4.0,141.04
ORD1187,2025-09-22,North,Clothing,11,45.93,15,5.0,429.45
ORD1188,2025-09-22,North,Clothing,2,42.61,5,5.0,80.96
ORD1189,2025-09-22,South,Stationery,2,9.02,0,4.0,18.04
ORD1190,2025-09-23,South,Stationery,10,8.26,5,4.0,78.47
ORD1191,2025-09-24,North,Stationery,5,8.71,0,4.0,43.55
ORD1192,2025-09-26,South,Electronics,3,468.33,0,4.0,1404.99
ORD1193,2025-09-27,South,Electronics,7,511.68,0,4.0,3581.76
ORD1194,2025-09-29,South,Stationery,7,8.16,10,5.0,51.41
ORD1195,2025-09-29,South,Stationery,10,7.6,0,5.0,76.0
ORD1196,2025-09-29,West,Stationery,5,8.6,0,3.0,43.0
ORD1197,2025-10-04,South,Stationery,8,8.83,15,4.0,60.04
ORD1198,2025-10-04,west,Furniture,3,299.11,10,5.0,807.6
ORD1199,2025-10-06,North,Clothing,2,43.54,0,,87.08
ORD1200,2025-10-06,East,Furniture,5,321.81,15,5.0,1367.69
ORD1201,2025-10-08,North,Electronics,9,492.44,15,5.0,3767.17
ORD1202,2025-10-08,East,Stationery,10,8.26,0,3.0,82.6
ORD1203,2025-10-09,North,Stationery,1,7.8,0,5.0,7.8
ORD1204,2025-10-09,South,Clothing,5,44.76,0,5.0,223.8
ORD1205,2025-10-10,West,Stationery,9,8.68,15,3.0,66.4
ORD1206,2025-10-10,South,Clothing,10,45.34,0,4.0,453.4
ORD1207,2025-10-11,East,Clothing,6,40.41,5,,230.34
ORD1208,2025-10-12,North,Electronics,4,419.89,0,4.0,1679.56
ORD1209,2025-10-13,West,Clothing,8,40.71,0,,325.68
ORD1210,2025-10-13,South,Stationery,2,8.35,0,5.0,16.7
ORD1211,2025-10-14,North,Electronics,72,408.09,0,4.0,29382.48
ORD1212,2025-10-14,West,Furniture,3,292.93,5,2.0,834.85
ORD1213,2025-10-14,West,Clothing,10,35.35,0,4.0,353.5
ORD1214,2025-10-16,North,Electronics,1,500.22,0,4.0,500.22
ORD1215,2025-10-17,North,Clothing,3,44.74,5,2.0,127.51
ORD1216,2025-10-17,West,Clothing,10,40.03,0,4.0,400.3
ORD1217,2025-10-17,North,Electronics,10,488.0,5,5.0,4636.0
ORD1218,2025-10-18,North,Clothing,4,44.58,5,4.0,169.4
ORD1219,2025-10-19,East,Electronics,13,393.42,15,5.0,4347.29
ORD1220,2025-10-20,West,Clothing,10,36.85,0,5.0,368.5
ORD1221,2025-10-21,South,Clothing,3,39.14,5,2.0,111.55
ORD1222,2025-10-23,South,Clothing,8,36.9,15,5.0,250.92
ORD1223,2025-10-23,South,Electronics,6,462.53,5,3.0,2636.42
ORD1224,2025-10-26,North,Furniture,3,342.8,5,4.0,976.98
ORD1225,2025-10-27,West,Furniture,6,265.77,0,4.0,1594.62
ORD1226,2025-10-30,West,Electronics,6,415.91,10,3.0,2245.91
ORD1227,2025-10-30,South,Electronics,6,439.93,10,4.0,2375.62
ORD1228,2025-10-31,East,Stationery,2,7.16,0,5.0,14.32
ORD1229,2025-10-31,East,Stationery,9,8.13,15,4.0,62.19
ORD1230,2025-11-01,South,Clothing,8,45.22,5,1.0,343.67
ORD1231,2025-11-01,North,Electronics,12,489.26,20,4.0,4696.9
ORD1232,2025-11-03,West,Electronics,14,471.41,20,5.0,5279.79
ORD1233,2025-11-03,East,Clothing,8,45.53,5,4.0,346.03
ORD1234,2025-11-04,South,Electronics,8,422.6,0,4.0,3380.8
ORD1235,2025-11-05,North,Clothing,12,41.37,20,4.0,397.15
ORD1236,2025-11-06,East,Electronics,11,423.26,10,4.0,4190.27
ORD1237,2025-11-07,South,Stationery,11,7.81,15,4.0,73.02
ORD1238,2025-11-08,SOUTH ,Clothing,5,43.44,0,5.0,217.2
ORD1239,2025-11-09,North,Clothing,6,37.79,10,1.0,204.07
ORD1240,2025-11-10,East,Electronics,11,444.63,15,4.0,4157.29
ORD1241,2025-11-13,West,Clothing,6,44.02,10,3.0,237.71
ORD1242,2025-11-14,South,Electronics,4,475.92,5,3.0,1808.5
ORD1243,2025-11-14,East,Stationery,12,7.61,15,4.0,77.62
ORD1244,2025-11-15,West,Stationery,6,7.13,5,5.0,40.64
ORD1245,2025-11-15,East,Furniture,4,278.09,5,5.0,1056.74
ORD1246,2025-11-15,South,Stationery,2,8.5,5,4.0,16.15
ORD1247,2025-11-15,North,Stationery,7,8.64,0,3.0,60.48
ORD1248,2025-11-18,North,Clothing,2,38.41,0,5.0,76.82
ORD1249,2025-11-19,West,Clothing,8,38.34,0,5.0,306.72
ORD1250,2025-11-19,West,Furniture,12,282.27,20,4.0,2709.79
ORD1251,2025-11-19,South,Clothing,5,39.26,0,4.0,196.3
ORD1252,2025-11-20,North,Furniture,9,314.28,10,4.0,2545.67
ORD1253,2025-11-21,West,Clothing,9,42.03,20,3.0,302.62
ORD1254,2025-11-22,North,Stationery,8,9.11,5,5.0,69.24
ORD1255,2025-11-22,East,Clothing,9,37.87,10,4.0,306.75
ORD1256,2025-11-23,North,Furniture,8,336.73,0,3.0,2693.84
ORD1257,2025-11-25,East,Stationery,9,6.85,5,4.0,58.57
ORD1258,2025-11-25,South,Electronics,6,429.54,0,1.0,2577.24
ORD1259,2025-11-26,South,Furniture,9,307.56,5,5.0,2629.64
ORD1260,2025-11-28,West,Clothing,1,34.93,0,3.0,34.93
ORD1261,2025-12-01,West,Clothing,95,38.85,0,5.0,3690.75
ORD1262,2025-12-04,North,Furniture,7,300.69,0,5.0,2104.83
ORD1263,2025-12-04,North,Electronics,8,427.57,10,4.0,3078.5
ORD1264,2025-12-07,East,Stationery,6,8.37,15,4.0,42.69
ORD1265,2025-12-07,North,Furniture,3,293.33,0,5.0,879.99
ORD1266,2025-12-08,South,Clothing,4,39.16,0,4.0,156.64
ORD1267,2025-12-11,South,Electronics,4,449.41,10,4.0,1617.88
ORD1268,2025-12-12,WEST ,Stationery,7,7.27,5,5.0,48.35
ORD1269,2025-12-12,North,Stationery,3,7.01,0,4.0,21.03
ORD1270,2025-12-14,North,Electronics,5,415.82,10,4.0,1871.19
ORD1271,2025-12-14,West,Furniture,2,285.41,0,4.0,570.82
ORD1272,2025-12-15,West,Electronics,9,477.09,0,3.0,4293.81
ORD1273,2025-12-15,East,Furniture,5,321.95,5,5.0,1529.26
ORD1274,2025-12-16,West,Electronics,7,407.89,15,,2426.95
ORD1275,2025-12-17,West,Stationery,9,7.07,0,4.0,63.63
ORD1276,2025-12-18,East,Stationery,9,9.04,0,4.0,81.36
ORD1277,2025-12-19,North,Electronics,2,480.15,5,2.0,912.28
ORD1278,2025-12-20,East,Clothing,4,38.03,5,4.0,144.51
ORD1279,2025-12-21,West,Electronics,10,391.03,5,1.0,3714.78
ORD1280,2025-12-21,East,Electronics,7,431.02,10,3.0,2715.43
ORD1281,2025-12-21,West,Clothing,2,38.91,0,3.0,77.82
ORD1282,2025-12-21,West,Electronics,6,489.92,10,4.0,2645.57
ORD1283,2025-12-23,East,Electronics,5,512.57,5,5.0,2434.71
ORD1284,2025-12-24,South,Electronics,4,431.71,0,,1726.84
ORD1285,2025-12-24,East,Clothing,6,43.31,0,4.0,259.86
ORD1286,2025-12-24,North,Clothing,8,40.06,10,5.0,288.43
ORD1287,2025-12-25,North,Electronics,6,437.18,10,2.0,2360.77
ORD1288,2025-12-26,North,Electronics,5,392.37,0,4.0,1961.85
ORD1289,2025-12-26,North,Clothing,5,43.45,0,4.0,217.25
ORD1290,2025-12-27,North,Clothing,5,44.74,0,5.0,223.7
ORD1291,2025-12-27,West,Electronics,4,486.37,0,2.0,1945.48
ORD1292,2025-12-29,east,Furniture,12,292.18,20,5.0,2804.93
ORD1293,2025-12-29,North,Furniture,9,260.2,0,4.0,2341.8
ORD1294,2025-12-29,North,Stationery,11,8.35,15,3.0,78.07
ORD1295,2025-12-30,West,Electronics,11,434.19,15,5.0,4059.68
ORD1296,2025-12-30,West,Furniture,1,327.4,0,2.0,327.4
ORD1297,2025-12-31,West,Furniture,11,311.98,5,3.0,3260.19
ORD1298,2025-12-31,East,Electronics,3,512.49,0,4.0,1537.47
ORD1299,2025-12-31,West,Clothing,12,42.57,10,3.0,459.76
ORD1300,2025-12-31,South,Clothing,9,43.29,5,3.0,370.13
ORD1016,2025-01-28,South,Furniture,8,281.86,10,5.0,2029.39
ORD1091,2025-05-14,West,Electronics,4,493.1,0,4.0,1972.4
ORD1151,2025-08-04,East,Clothing,3,45.22,10,5.0,122.09
ORD1223,2025-10-23,South,Electronics,6,462.53,5,3.0,2636.42
ORD1281,2025-12-21,West,Clothing,2,38.91,0,3.0,77.82
