Student_ID,Gender,Class,Study_Hours,Attendance,Internet,Parent_Edu,Math,Science,English
S001,Male,B,18.4,80.6,Yes,Bachelor,87.9,85.4,42.0
S002,Female,C,11.0,84.3,Yes,School,57.4,60.1,65.2
S003,Female,B,7.9,81.9,Yes,Bachelor,62.0,67.6,73.8
S004,Male,B,12.7,87.3,Yes,Bachelor,82.3,71.4,52.5
S005,Male,C,12.9,75.7,No,Bachelor,51.8,56.2,59.3
S006,Female,B,17.4,,Yes,Bachelor,65.3,64.4,58.7
S007,Male,A,15.3,100.0,Yes,School,74.6,64.9,
S008,Female,C,13.4,79.0,Yes,Bachelor,64.5,55.8,60.1
S009,Male,B,17.9,80.3,Yes,Bachelor,81.4,81.1,78.6
S010,Male,B,7.2,100.0,No,Master,63.3,62.2,75.9
S011,Female,B,38.0,100.0,Yes,Master,80.6,70.3,67.0
S012,Female,B,8.3,79.8,Yes,Bachelor,63.8,64.1,77.1
S013,Female,A,10.4,85.4,Yes,Bachelor,61.3,69.7,61.6
S014,Female,B,6.5,90.4,No,Bachelor,66.4,52.8,74.7
S015,Female,C,14.5,100.0,Yes,School,71.9,61.4,62.9
S016,Female,A,11.1,81.1,No,Master,57.6,54.8,62.8
S017,Female,B,6.1,86.3,Yes,Bachelor,62.5,72.5,62.0
S018,Male,A,7.9,93.4,No,School,66.1,68.0,88.4
S019,Female,B,13.3,91.0,Yes,School,74.7,76.9,70.6
S020,Male,B,15.4,85.4,Yes,Master,61.4,56.1,57.8
S021,Female,C,20.0,87.1,Yes,School,84.9,72.7,75.7
S022,Male,A,23.7,78.4,Yes,School,77.1,76.7,65.9
S023,Male,A,13.7,86.3,Yes,School,72.4,71.0,58.8
S024,Female,B,8.0,86.1,Yes,School,51.7,59.5,68.0
S025,Female,C,3.5,89.6,No,School,55.6,57.8,57.4
S026,Female,C,13.1,84.1,Yes,Bachelor,63.5,66.1,65.3
S027,Male,A,8.7,91.3,Yes,School,55.4,59.7,60.4
S028,Female,A,10.3,95.1,Yes,Master,73.1,75.8,64.2
S029,Female,C,9.6,89.1,Yes,Master,66.7,71.5,64.6
S030,Male,A,11.4,90.5,No,School,61.1,53.1,44.4
S031,Male,C,16.3,88.4,Yes,School,85.7,66.5,70.8
S032,Male,A,12.6,88.0,Yes,Bachelor,66.5,72.6,53.7
S033,Male,C,11.4,82.9,No,School,63.3,71.4,48.8
S034,Female,A,7.9,90.2,No,School,61.5,56.9,59.2
S035,Female,B,5.3,87.3,Yes,Master,53.3,46.2,58.9
S036,Male,B,10.1,100.0,No,Master,69.4,69.2,54.8
S037,Female,A,11.8,99.0,Yes,Bachelor,67.8,73.0,69.6
S038,Female,B,19.1,90.7,No,School,74.8,83.1,54.4
S039,Male,B,12.5,82.7,Yes,Bachelor,77.4,77.3,58.9
S040,Female,C,15.9,,Yes,Bachelor,65.3,63.5,59.3
S041,Male,C,10.0,96.3,Yes,School,51.0,50.3,60.6
S042,Female,B,7.3,89.8,No,Bachelor,69.8,68.9,61.9
S043,Female,B,8.1,91.4,Yes,School,81.3,75.1,50.8
S044,Male,B,,75.8,Yes,School,57.5,54.2,67.0
S045,Male,B,20.5,94.5,Yes,Bachelor,70.6,81.7,67.9
S046,Female,C,8.7,91.2,Yes,School,62.1,74.2,43.2
S047,Male,A,15.4,80.2,Yes,School,69.6,75.5,46.6
S048,Female,A,8.4,84.7,No,Master,57.5,54.7,59.9
S049,Female,B,15.7,89.8,Yes,Master,67.3,72.2,62.4
S050,Female,A,13.5,88.4,Yes,Bachelor,75.2,76.5,62.2
S051,Female,A,11.4,86.0,Yes,Master,70.7,72.1,61.6
S052,Male,A,11.8,87.3,Yes,Master,57.7,67.9,64.1
S053,Male,C,9.4,86.2,Yes,School,68.8,72.0,69.2
S054,Male,C,13.8,89.1,No,Bachelor,83.1,82.6,53.3
S055,Male,C,10.2,98.3,Yes,School,70.0,72.8,50.6
S056,Male,B,,70.0,No,School,50.0,57.0,49.4
S057,Female,C,6.9,86.3,Yes,Bachelor,58.9,50.5,61.7
S058,Male,A,42.5,89.2,No,Bachelor,91.1,84.3,81.2
S059,Female,C,18.3,90.1,No,Bachelor,64.2,61.6,62.1
S060,Female,B,12.6,85.4,Yes,School,70.0,61.3,40.1
S061,Female,C,11.5,75.7,Yes,School,61.4,73.1,46.6
S062,Female,A,13.1,90.3,No,Master,81.1,87.1,55.4
S063,Male,B,17.2,100.0,Yes,School,79.3,83.7,60.3
S064,Female,C,12.9,77.3,Yes,School,78.5,76.5,59.1
S065,Male,B,10.4,94.0,Yes,School,60.1,70.2,61.6
S066,Male,B,16.4,,Yes,Bachelor,79.1,75.4,62.0
S067,Female,A,13.7,87.6,Yes,Bachelor,73.5,72.7,72.7
S068,Male,B,18.1,80.6,Yes,Bachelor,70.1,62.5,59.8
S069,Male,A,12.7,85.7,No,School,67.3,69.5,54.9
S070,Male,A,7.1,97.1,Yes,School,72.0,70.8,63.6
S071,Female,C,6.5,92.1,Yes,Master,58.8,53.3,45.1
S072,Male,B,18.6,100.0,Yes,Bachelor,70.9,69.3,69.7
S073,Male,B,18.9,96.2,Yes,Bachelor,82.0,76.9,67.3
S074,Male,B,11.3,91.1,Yes,Bachelor,62.1,74.3,60.4
S075,Female,C,10.5,100.0,No,Bachelor,64.4,70.4,
S076,Male,A,17.8,91.1,Yes,School,78.3,74.9,60.1
S077,Male,B,7.6,93.8,Yes,School,51.3,57.4,78.1
S078,Male,A,8.4,85.9,Yes,Bachelor,50.9,55.9,
S079,Female,B,14.6,88.5,Yes,School,76.2,72.1,52.3
S080,Female,C,10.4,83.1,No,Master,58.0,54.1,61.9
S081,Female,B,12.0,94.9,Yes,Bachelor,52.7,56.0,52.5
S082,Male,C,11.3,79.8,Yes,Bachelor,70.6,64.9,55.0
S083,Male,B,13.4,93.5,Yes,Master,74.3,64.5,66.6
S084,Female,C,17.6,86.7,Yes,Bachelor,72.2,73.6,70.6
S085,Female,B,12.4,96.2,No,Master,59.4,63.9,56.8
S086,Female,A,14.6,93.3,Yes,Bachelor,80.1,65.3,72.6
S087,Male,C,,100.0,Yes,Master,61.5,62.3,67.7
S088,Male,C,11.8,93.1,Yes,School,86.5,86.5,75.0
S089,Female,A,8.6,77.0,Yes,Bachelor,62.8,70.3,64.9
S090,Female,C,7.1,87.5,Yes,Bachelor,63.4,70.5,71.5
S091,Male,A,8.5,79.8,No,School,56.4,59.7,43.2
S092,Female,C,10.7,84.4,Yes,School,71.1,64.7,58.5
S093,Female,C,15.7,98.6,Yes,Master,82.0,70.9,56.6
S094,Male,B,6.7,92.5,Yes,Bachelor,70.2,71.2,60.1
S095,Female,C,,83.1,Yes,School,63.7,66.9,57.1
S096,Male,A,10.1,80.9,No,School,57.3,67.8,59.5
S097,Male,A,10.7,88.2,Yes,School,63.2,70.8,78.4
S098,Female,A,16.0,79.5,Yes,School,78.0,73.8,63.1
S099,Female,B,14.2,83.3,Yes,Master,81.1,69.3,67.2
S100,Male,C,17.3,90.2,Yes,Bachelor,74.6,70.3,63.3
S101,Female,A,,96.1,Yes,School,67.1,68.3,62.5
S102,Male,B,9.2,92.3,Yes,Bachelor,67.6,66.1,60.6
S103,Female,C,11.1,72.0,Yes,School,60.6,59.0,65.7
S104,Male,A,13.0,90.1,Yes,School,77.5,75.8,73.3
S105,Female,C,12.7,88.5,Yes,Bachelor,54.1,54.8,77.5
S106,Female,A,7.7,90.9,Yes,Bachelor,56.7,55.9,62.4
S107,Female,C,12.4,99.3,Yes,Master,67.1,68.8,67.7
S108,Female,B,12.9,73.6,Yes,Bachelor,49.5,52.2,52.4
S109,Male,B,22.1,83.9,Yes,Bachelor,76.7,75.2,67.5
S110,Female,A,19.5,92.1,Yes,Bachelor,75.4,74.4,75.2
S111,Male,B,8.6,76.9,Yes,Master,58.4,54.0,67.9
S112,Female,C,10.9,,Yes,Bachelor,77.7,71.5,63.4
S113,Female,A,6.1,90.6,Yes,Master,58.3,69.4,66.7
S114,Male,C,9.6,93.9,Yes,Bachelor,59.4,54.6,65.2
S115,Female,B,13.3,84.0,Yes,Master,69.0,55.6,73.8
S116,Female,C,16.8,93.7,Yes,School,85.4,68.6,67.7
S117,Male,B,9.1,95.5,Yes,Bachelor,59.3,61.7,57.2
S118,Male,B,9.4,89.6,Yes,Bachelor,58.5,61.1,63.7
S119,Male,A,3.4,89.6,Yes,Bachelor,59.3,60.8,30.7
S120,Male,B,11.3,89.9,Yes,Bachelor,66.6,73.9,65.3
S006,Female,B,17.4,,Yes,Bachelor,65.3,64.4,58.7
S041,Male,C,10.0,96.3,Yes,School,51.0,50.3,60.6
S078,Male,A,8.4,85.9,Yes,Bachelor,50.9,55.9,
